GroupID,Category,Term,Description,LogP,Log(q-value),Genes,Symbols,InTerm_InList
1_Summary,Reactome Gene Sets,R-MMU-212436,Generic Transcription Pathway,-5.833100572,-1.574,"12028,12366,13018,14534,14815,15258,15469,17187,19094,19352,19367,19411,21423,21678,22196,22259,22678,26931,53621,57913,66869,67923,69228,72739,77117,93836,94093,107951,108097,213011,213464,233060,234366,243906,269870,333182,414758","Bax,Casp2,Ctcf,Kat2a,Nr3c1,Hipk2,Prmt1,Max,Mapk11,Rabggtb,Rad9a,Rarg,Tcf3,Tead3,Ube2i,Nr1h3,Zfp2,Ppp2r5c,Cnot4,Pidd1,Zfp869,Eloc,Zfp746,Zkscan3,Zfp934,Rnf111,Trim33,Cdk9,Prkab2,Zfp583,Rbbp5,Zfp382,Gatad2a,Zfp14,Zfp446,Cox6b2,Zfp950",37/-
1_Member,Reactome Gene Sets,R-MMU-212436,Generic Transcription Pathway,-5.833100572,-1.574,"12028,12366,13018,14534,14815,15258,15469,17187,19094,19352,19367,19411,21423,21678,22196,22259,22678,26931,53621,57913,66869,67923,69228,72739,77117,93836,94093,107951,108097,213011,213464,233060,234366,243906,269870,333182,414758","Bax,Casp2,Ctcf,Kat2a,Nr3c1,Hipk2,Prmt1,Max,Mapk11,Rabggtb,Rad9a,Rarg,Tcf3,Tead3,Ube2i,Nr1h3,Zfp2,Ppp2r5c,Cnot4,Pidd1,Zfp869,Eloc,Zfp746,Zkscan3,Zfp934,Rnf111,Trim33,Cdk9,Prkab2,Zfp583,Rbbp5,Zfp382,Gatad2a,Zfp14,Zfp446,Cox6b2,Zfp950",37/793
1_Member,Reactome Gene Sets,R-MMU-3700989,Transcriptional Regulation by TP53,-2.765987607,-0.188,"12028,12366,15258,19094,19352,19367,26931,53621,57913,67923,107951,108097,234366,333182","Bax,Casp2,Hipk2,Mapk11,Rabggtb,Rad9a,Ppp2r5c,Cnot4,Pidd1,Eloc,Cdk9,Prkab2,Gatad2a,Cox6b2",14/284
2_Summary,GO Biological Processes,GO:0006325,chromatin organization,-5.474357293,-1.517,"13018,13436,14534,14815,15469,17769,18193,21423,21665,57261,64707,66505,68346,71148,71458,76719,93761,94353,103537,105246,107951,108829,192285,213464,214162,217127,218850,225131,226976,231051,234366,237339,244349,384198","Ctcf,Dnmt3b,Kat2a,Nr3c1,Prmt1,Mthfr,Nsd1,Tcf3,Tdg,Brd4,Suv39h2,Zmynd11,Sirt5,Mier1,Bcor,Kansl1,Smarca1,Hmgn3,Mbtd1,Brd9,Cdk9,Jmjd1c,Phf21a,Rbbp5,Kmt2a,Kat7,Tasor,Wac,Kansl3,Kmt2c,Gatad2a,L3mbtl3,Kat6a,Fam47e",34/-
2_Member,GO Biological Processes,GO:0006325,chromatin organization,-5.474357293,-1.517,"13018,13436,14534,14815,15469,17769,18193,21423,21665,57261,64707,66505,68346,71148,71458,76719,93761,94353,103537,105246,107951,108829,192285,213464,214162,217127,218850,225131,226976,231051,234366,237339,244349,384198","Ctcf,Dnmt3b,Kat2a,Nr3c1,Prmt1,Mthfr,Nsd1,Tcf3,Tdg,Brd4,Suv39h2,Zmynd11,Sirt5,Mier1,Bcor,Kansl1,Smarca1,Hmgn3,Mbtd1,Brd9,Cdk9,Jmjd1c,Phf21a,Rbbp5,Kmt2a,Kat7,Tasor,Wac,Kansl3,Kmt2c,Gatad2a,L3mbtl3,Kat6a,Fam47e",34/723
2_Member,GO Biological Processes,GO:0006338,chromatin remodeling,-3.119195701,-0.462,"13018,13436,14534,14815,15469,18193,21423,21665,57261,64707,68346,71148,93761,105246,107951,213464,214162,217127,218850,225131,234366,244349,384198","Ctcf,Dnmt3b,Kat2a,Nr3c1,Prmt1,Nsd1,Tcf3,Tdg,Brd4,Suv39h2,Sirt5,Mier1,Smarca1,Brd9,Cdk9,Rbbp5,Kmt2a,Kat7,Tasor,Wac,Gatad2a,Kat6a,Fam47e",23/554
3_Summary,GO Biological Processes,GO:0000077,DNA damage checkpoint signaling,-4.806824677,-1.070,"12366,13972,19367,26931,27223,57913,71711,102423,104418,225131,226591,15258,12325,12531,13605,17931,19055,23955,53413,54392,56399,57776,67203,72080,75770,78798,106795,224023,234094,320165,14534,216810,382073,19352,20399,21423,56194,56706,57261,67455,218294,234854,105782","Casp2,Gnb1l,Rad9a,Ppp2r5c,Trp53bp1,Pidd1,Mus81,Hinfp,Dgkz,Wac,Tiprl,Hipk2,Camk2g,Cdc25b,Ect2,Ppp1r12a,Ppp3ca,Nek4,Exoc7,Ncapg,Akap8,Ttyh1,Nde1,Sapcd2,Brsk2,Eml4,Tcf19,Klhl22,Arhgef10,Tacc1,Kat2a,Tom1l2,Cenatac,Rabggtb,Sh2b1,Tcf3,Prpf40a,Ccnl1,Brd4,Klhl13,Cdc14b,Cdk10,Scrib",43/-
3_Member,GO Biological Processes,GO:0000077,DNA damage checkpoint signaling,-4.806824677,-1.070,"12366,13972,19367,26931,27223,57913,71711,102423,104418,225131,226591","Casp2,Gnb1l,Rad9a,Ppp2r5c,Trp53bp1,Pidd1,Mus81,Hinfp,Dgkz,Wac,Tiprl",11/113
3_Member,GO Biological Processes,GO:0031570,DNA integrity checkpoint signaling,-4.526630391,-1.051,"12366,13972,19367,26931,27223,57913,71711,102423,104418,225131,226591","Casp2,Gnb1l,Rad9a,Ppp2r5c,Trp53bp1,Pidd1,Mus81,Hinfp,Dgkz,Wac,Tiprl",11/121
3_Member,GO Biological Processes,GO:0042770,signal transduction in response to DNA damage,-4.505832711,-1.051,"12366,13972,15258,19367,26931,27223,57913,71711,102423,104418,225131,226591","Casp2,Gnb1l,Hipk2,Rad9a,Ppp2r5c,Trp53bp1,Pidd1,Mus81,Hinfp,Dgkz,Wac,Tiprl",12/144
3_Member,GO Biological Processes,GO:0000278,mitotic cell cycle,-4.209016087,-0.950,"12325,12366,12531,13605,17931,19055,19367,23955,26931,53413,54392,56399,57776,57913,67203,71711,72080,75770,78798,102423,104418,106795,224023,225131,234094,320165","Camk2g,Casp2,Cdc25b,Ect2,Ppp1r12a,Ppp3ca,Rad9a,Nek4,Ppp2r5c,Exoc7,Ncapg,Akap8,Ttyh1,Pidd1,Nde1,Mus81,Sapcd2,Brsk2,Eml4,Hinfp,Dgkz,Tcf19,Klhl22,Wac,Arhgef10,Tacc1",26/561
3_Member,GO Biological Processes,GO:0031571,mitotic G1 DNA damage checkpoint signaling,-3.939635138,-0.795,"12366,26931,57913,104418,225131","Casp2,Ppp2r5c,Pidd1,Dgkz,Wac",5/25
3_Member,GO Biological Processes,GO:0044819,mitotic G1/S transition checkpoint signaling,-3.853971648,-0.771,"12366,26931,57913,104418,225131","Casp2,Ppp2r5c,Pidd1,Dgkz,Wac",5/26
3_Member,GO Biological Processes,GO:1903047,mitotic cell cycle process,-3.778596138,-0.724,"12325,12366,12531,13605,19055,19367,26931,53413,54392,56399,57913,67203,71711,72080,75770,78798,102423,104418,106795,224023,225131,234094,320165","Camk2g,Casp2,Cdc25b,Ect2,Ppp3ca,Rad9a,Ppp2r5c,Exoc7,Ncapg,Akap8,Pidd1,Nde1,Mus81,Sapcd2,Brsk2,Eml4,Hinfp,Dgkz,Tcf19,Klhl22,Wac,Arhgef10,Tacc1",23/497
3_Member,GO Biological Processes,GO:0000075,cell cycle checkpoint signaling,-3.66842764,-0.711,"12366,13972,19367,26931,27223,57913,71711,102423,104418,224023,225131,226591","Casp2,Gnb1l,Rad9a,Ppp2r5c,Trp53bp1,Pidd1,Mus81,Hinfp,Dgkz,Klhl22,Wac,Tiprl",12/176
3_Member,GO Biological Processes,GO:0010948,negative regulation of cell cycle process,-3.165494129,-0.498,"12366,13972,14534,19367,26931,27223,57913,71711,102423,104418,216810,224023,225131,226591,382073","Casp2,Gnb1l,Kat2a,Rad9a,Ppp2r5c,Trp53bp1,Pidd1,Mus81,Hinfp,Dgkz,Tom1l2,Klhl22,Wac,Tiprl,Cenatac",15/288
3_Member,GO Biological Processes,GO:0044773,mitotic DNA damage checkpoint signaling,-2.945682491,-0.320,"12366,19367,26931,57913,71711,104418,225131","Casp2,Rad9a,Ppp2r5c,Pidd1,Mus81,Dgkz,Wac",7/81
3_Member,GO Biological Processes,GO:0044774,mitotic DNA integrity checkpoint signaling,-2.822861947,-0.227,"12366,19367,26931,57913,71711,104418,225131","Casp2,Rad9a,Ppp2r5c,Pidd1,Mus81,Dgkz,Wac",7/85
3_Member,GO Biological Processes,GO:0006977,"DNA damage response, signal transduction by p53 class mediator resulting in cell cycle arrest",-2.620121468,-0.117,"12366,26931,57913","Casp2,Ppp2r5c,Pidd1",3/14
3_Member,Reactome Gene Sets,R-MMU-5633008,TP53 Regulates Transcription of Cell Death Genes,-2.620121468,-0.117,"12366,19352,57913","Casp2,Rabggtb,Pidd1",3/14
3_Member,GO Biological Processes,GO:0010564,regulation of cell cycle process,-2.569302349,-0.089,"12366,12531,13605,13972,14534,19367,20399,21423,26931,27223,53413,54392,56194,56706,57261,57913,67455,71711,102423,104418,216810,218294,224023,225131,226591,234854,382073","Casp2,Cdc25b,Ect2,Gnb1l,Kat2a,Rad9a,Sh2b1,Tcf3,Ppp2r5c,Trp53bp1,Exoc7,Ncapg,Prpf40a,Ccnl1,Brd4,Pidd1,Klhl13,Mus81,Hinfp,Dgkz,Tom1l2,Cdc14b,Klhl22,Wac,Tiprl,Cdk10,Cenatac",27/760
3_Member,GO Biological Processes,GO:1901988,negative regulation of cell cycle phase transition,-2.453375023,-0.009,"12366,13972,19367,26931,27223,57913,71711,102423,104418,224023,225131,226591","Casp2,Gnb1l,Rad9a,Ppp2r5c,Trp53bp1,Pidd1,Mus81,Hinfp,Dgkz,Klhl22,Wac,Tiprl",12/243
3_Member,GO Biological Processes,GO:0045786,negative regulation of cell cycle,-2.447793531,-0.009,"12366,13972,14534,19367,26931,27223,57913,71711,102423,104418,105782,216810,224023,225131,226591,382073","Casp2,Gnb1l,Kat2a,Rad9a,Ppp2r5c,Trp53bp1,Pidd1,Mus81,Hinfp,Dgkz,Scrib,Tom1l2,Klhl22,Wac,Tiprl,Cenatac",16/375
3_Member,GO Biological Processes,GO:0030330,"DNA damage response, signal transduction by p53 class mediator",-2.263830897,0.000,"12366,15258,26931,57913","Casp2,Hipk2,Ppp2r5c,Pidd1",4/36
3_Member,GO Biological Processes,GO:0007093,mitotic cell cycle checkpoint signaling,-2.21526053,0.000,"12366,19367,26931,57913,71711,104418,224023,225131","Casp2,Rad9a,Ppp2r5c,Pidd1,Mus81,Dgkz,Klhl22,Wac",8/137
4_Summary,GO Biological Processes,GO:0034330,cell junction organization,-4.726448517,-1.070,"12667,13605,13823,17356,18016,18190,18213,18693,18810,19024,19266,21873,21923,23965,54631,56513,60595,104418,106504,211323,217335,218952,223254,233878,243725,272381,329165,545156,22359,330814,21687,107746,77097,320150","Chrd,Ect2,Epb41l3,Afdn,Nf2,Nrxn2,Ntrk3,Pick1,Plec,Ppfibp2,Ptprd,Tjp2,Tnc,Tenm3,Nphs1,Pard6a,Actn4,Dgkz,Stk38,Nrg1,Fbf1,Fermt2,Farp1,Sez6l2,Ppp1r9a,Lrrc4b,Abi2,Kalrn,Vldlr,Adgrl1,Tek,Rapgef1,Tanc2,Zdhhc17",34/-
4_Member,GO Biological Processes,GO:0034330,cell junction organization,-4.726448517,-1.070,"12667,13605,13823,17356,18016,18190,18213,18693,18810,19024,19266,21873,21923,23965,54631,56513,60595,104418,106504,211323,217335,218952,223254,233878,243725,272381,329165,545156","Chrd,Ect2,Epb41l3,Afdn,Nf2,Nrxn2,Ntrk3,Pick1,Plec,Ppfibp2,Ptprd,Tjp2,Tnc,Tenm3,Nphs1,Pard6a,Actn4,Dgkz,Stk38,Nrg1,Fbf1,Fermt2,Farp1,Sez6l2,Ppp1r9a,Lrrc4b,Abi2,Kalrn",28/586
4_Member,GO Biological Processes,GO:0050808,synapse organization,-2.867122768,-0.252,"12667,18190,18213,18693,19024,19266,21923,23965,104418,106504,211323,223254,233878,243725,272381,329165,545156","Chrd,Nrxn2,Ntrk3,Pick1,Ppfibp2,Ptprd,Tnc,Tenm3,Dgkz,Stk38,Nrg1,Farp1,Sez6l2,Ppp1r9a,Lrrc4b,Abi2,Kalrn",17/373
4_Member,GO Biological Processes,GO:0099173,postsynapse organization,-2.371080089,0.000,"18190,18213,18693,104418,106504,223254,243725,329165","Nrxn2,Ntrk3,Pick1,Dgkz,Stk38,Farp1,Ppp1r9a,Abi2",8/129
4_Member,GO Biological Processes,GO:0051963,regulation of synapse assembly,-2.335853413,0.000,"17356,18190,18213,19266,22359,211323,223254,243725,272381,330814","Afdn,Nrxn2,Ntrk3,Ptprd,Vldlr,Nrg1,Farp1,Ppp1r9a,Lrrc4b,Adgrl1",10/189
4_Member,GO Biological Processes,GO:1901888,regulation of cell junction assembly,-2.259579884,0.000,"17356,18190,18213,19266,21687,22359,107746,211323,218952,223254,243725,272381,330814","Afdn,Nrxn2,Ntrk3,Ptprd,Tek,Vldlr,Rapgef1,Nrg1,Fermt2,Farp1,Ppp1r9a,Lrrc4b,Adgrl1",13/290
4_Member,GO Biological Processes,GO:0050803,regulation of synapse structure or activity,-2.079442379,0.000,"17356,18190,18213,18693,19266,22359,77097,211323,223254,243725,272381,320150,329165,330814,545156","Afdn,Nrxn2,Ntrk3,Pick1,Ptprd,Vldlr,Tanc2,Nrg1,Farp1,Ppp1r9a,Lrrc4b,Zdhhc17,Abi2,Adgrl1,Kalrn",15/375
5_Summary,Reactome Gene Sets,R-MMU-212165,Epigenetic regulation of gene expression,-4.464243706,-1.051,"13436,14534,21339,21665,54343,75316,76719,77117,213464,226976,233060,239510,414758","Dnmt3b,Kat2a,Taf1a,Tdg,Atf7ip,Taf1d,Kansl1,Zfp934,Rbbp5,Kansl3,Zfp382,Phf20l1,Zfp950",13/-
5_Member,Reactome Gene Sets,R-MMU-212165,Epigenetic regulation of gene expression,-4.464243706,-1.051,"13436,14534,21339,21665,54343,75316,76719,77117,213464,226976,233060,239510,414758","Dnmt3b,Kat2a,Taf1a,Tdg,Atf7ip,Taf1d,Kansl1,Zfp934,Rbbp5,Kansl3,Zfp382,Phf20l1,Zfp950",13/169
5_Member,Reactome Gene Sets,R-MMU-9772755,Formation of WDR5-containing histone-modifying complexes,-3.224335495,-0.534,"14534,76719,213464,226976,239510","Kat2a,Kansl1,Rbbp5,Kansl3,Phf20l1",5/35
6_Summary,GO Biological Processes,GO:0043114,regulation of vascular permeability,-4.317154999,-0.961,"12333,14815,16173,18810,21873,24136,218952","Capn1,Nr3c1,Il18,Plec,Tjp2,Zeb2,Fermt2",7/-
6_Member,GO Biological Processes,GO:0043114,regulation of vascular permeability,-4.317154999,-0.961,"12333,14815,16173,18810,21873,24136,218952","Capn1,Nr3c1,Il18,Plec,Tjp2,Zeb2,Fermt2",7/49
6_Member,GO Biological Processes,GO:0043117,positive regulation of vascular permeability,-2.101997384,0.000,"12333,16173,21873","Capn1,Il18,Tjp2",3/21
7_Summary,GO Biological Processes,GO:0006974,DNA damage response,-4.252426353,-0.950,"12028,12366,13972,15258,19367,21665,23955,26931,27223,50762,57261,57913,59026,69723,71711,72199,73747,76863,93836,102423,103537,104418,107951,191578,213464,217127,218294,225131,226591,227622,320678,497652","Bax,Casp2,Gnb1l,Hipk2,Rad9a,Tdg,Nek4,Ppp2r5c,Trp53bp1,Fbxo6,Brd4,Pidd1,Huwe1,Rpain,Mus81,Mms19,Shld1,Dcun1d5,Rnf111,Hinfp,Mbtd1,Dgkz,Cdk9,Helq,Rbbp5,Kat7,Cdc14b,Wac,Tiprl,Paxx,Iffo1,Acd",32/-
7_Member,GO Biological Processes,GO:0006974,DNA damage response,-4.252426353,-0.950,"12028,12366,13972,15258,19367,21665,23955,26931,27223,50762,57261,57913,59026,69723,71711,72199,73747,76863,93836,102423,103537,104418,107951,191578,213464,217127,218294,225131,226591,227622,320678,497652","Bax,Casp2,Gnb1l,Hipk2,Rad9a,Tdg,Nek4,Ppp2r5c,Trp53bp1,Fbxo6,Brd4,Pidd1,Huwe1,Rpain,Mus81,Mms19,Shld1,Dcun1d5,Rnf111,Hinfp,Mbtd1,Dgkz,Cdk9,Helq,Rbbp5,Kat7,Cdc14b,Wac,Tiprl,Paxx,Iffo1,Acd",32/759
7_Member,GO Biological Processes,GO:0006281,DNA repair,-2.057038254,0.000,"19367,21665,27223,50762,59026,69723,71711,72199,73747,93836,102423,103537,107951,191578,217127,218294,227622,320678","Rad9a,Tdg,Trp53bp1,Fbxo6,Huwe1,Rpain,Mus81,Mms19,Shld1,Rnf111,Hinfp,Mbtd1,Cdk9,Helq,Kat7,Cdc14b,Paxx,Iffo1",18/486
8_Summary,GO Biological Processes,GO:1902414,protein localization to cell junction,-4.100104881,-0.883,"16593,17356,18190,21873,30957,54631,60595,105782,218952,545156","Klc1,Afdn,Nrxn2,Tjp2,Mapk8ip3,Nphs1,Actn4,Scrib,Fermt2,Kalrn",10/-
8_Member,GO Biological Processes,GO:1902414,protein localization to cell junction,-4.100104881,-0.883,"16593,17356,18190,21873,30957,54631,60595,105782,218952,545156","Klc1,Afdn,Nrxn2,Tjp2,Mapk8ip3,Nphs1,Actn4,Scrib,Fermt2,Kalrn",10/112
8_Member,GO Biological Processes,GO:0035418,protein localization to synapse,-2.236613642,0.000,"16593,18190,30957,54631,105782,545156","Klc1,Nrxn2,Mapk8ip3,Nphs1,Scrib,Kalrn",6/82
9_Summary,GO Biological Processes,GO:0035999,tetrahydrofolate interconversion,-4.02344368,-0.844,"17769,22171,107885,108037,13436,19286,75475","Mthfr,Tyms,Mthfs,Shmt2,Dnmt3b,Pts,Oplah",7/-
9_Member,GO Biological Processes,GO:0035999,tetrahydrofolate interconversion,-4.02344368,-0.844,"17769,22171,107885,108037","Mthfr,Tyms,Mthfs,Shmt2",4/13
9_Member,WikiPathways,WP435,One carbon metabolism,-3.618664954,-0.682,"13436,17769,22171,107885,108037","Dnmt3b,Mthfr,Tyms,Mthfs,Shmt2",5/29
9_Member,GO Biological Processes,GO:0042558,pteridine-containing compound metabolic process,-3.546560663,-0.667,"17769,19286,22171,107885,108037","Mthfr,Pts,Tyms,Mthfs,Shmt2",5/30
9_Member,KEGG Pathway,mmu00670,One carbon pool by folate - Mus musculus (house mouse),-3.330359496,-0.557,"17769,22171,107885,108037","Mthfr,Tyms,Mthfs,Shmt2",4/19
9_Member,GO Biological Processes,GO:0046653,tetrahydrofolate metabolic process,-3.240265795,-0.534,"17769,22171,107885,108037","Mthfr,Tyms,Mthfs,Shmt2",4/20
9_Member,GO Biological Processes,GO:0006760,folic acid-containing compound metabolic process,-2.857481244,-0.252,"17769,22171,107885,108037","Mthfr,Tyms,Mthfs,Shmt2",4/25
9_Member,WikiPathways,WP730,Glutathione and one carbon metabolism,-2.502403793,-0.050,"13436,17769,75475,108037","Dnmt3b,Mthfr,Oplah,Shmt2",4/31
9_Member,Reactome Gene Sets,R-MMU-196757,Metabolism of folate and pterines,-2.367878874,0.000,"17769,107885,108037","Mthfr,Mthfs,Shmt2",3/17
9_Member,GO Biological Processes,GO:0006730,one-carbon metabolic process,-2.099997886,0.000,"17769,22171,107885,108037","Mthfr,Tyms,Mthfs,Shmt2",4/40
10_Summary,GO Biological Processes,GO:0031344,regulation of cell projection organization,-3.899845863,-0.787,"12325,12633,14159,14534,14567,17356,17909,18010,18213,18846,19055,19205,19266,22359,23965,23969,24136,52184,55978,66573,71951,74256,75770,77097,107746,110351,211323,234854,243725,329165,545156,668253","Camk2g,Cflar,Fes,Kat2a,Gdi1,Afdn,Myo10,Neu1,Ntrk3,Plxna3,Ppp3ca,Ptbp1,Ptprd,Vldlr,Tenm3,Pacsin1,Zeb2,Odf2l,Ift20,Dzip1,Gpc2,Cyld,Brsk2,Tanc2,Rapgef1,Rap1gap,Nrg1,Cdk10,Ppp1r9a,Abi2,Kalrn,Dleu2",32/-
10_Member,GO Biological Processes,GO:0031344,regulation of cell projection organization,-3.899845863,-0.787,"12325,12633,14159,14534,14567,17356,17909,18010,18213,18846,19055,19205,19266,22359,23965,23969,24136,52184,55978,66573,71951,74256,75770,77097,107746,110351,211323,234854,243725,329165,545156,668253","Camk2g,Cflar,Fes,Kat2a,Gdi1,Afdn,Myo10,Neu1,Ntrk3,Plxna3,Ppp3ca,Ptbp1,Ptprd,Vldlr,Tenm3,Pacsin1,Zeb2,Odf2l,Ift20,Dzip1,Gpc2,Cyld,Brsk2,Tanc2,Rapgef1,Rap1gap,Nrg1,Cdk10,Ppp1r9a,Abi2,Kalrn,Dleu2",32/793
10_Member,GO Biological Processes,GO:0031346,positive regulation of cell projection organization,-3.707767187,-0.718,"12633,14159,14534,14567,17356,18010,18213,18846,19205,19266,22359,23965,23969,24136,55978,66573,71951,107746,211323,243725,329165,545156","Cflar,Fes,Kat2a,Gdi1,Afdn,Neu1,Ntrk3,Plxna3,Ptbp1,Ptprd,Vldlr,Tenm3,Pacsin1,Zeb2,Ift20,Dzip1,Gpc2,Rapgef1,Nrg1,Ppp1r9a,Abi2,Kalrn",22/470
10_Member,GO Biological Processes,GO:0120035,regulation of plasma membrane bounded cell projection organization,-3.698151105,-0.718,"12325,12633,14159,14567,17356,17909,18010,18213,18846,19055,19205,19266,22359,23965,23969,24136,52184,55978,66573,71951,74256,75770,77097,107746,110351,211323,234854,243725,329165,545156,668253","Camk2g,Cflar,Fes,Gdi1,Afdn,Myo10,Neu1,Ntrk3,Plxna3,Ppp3ca,Ptbp1,Ptprd,Vldlr,Tenm3,Pacsin1,Zeb2,Odf2l,Ift20,Dzip1,Gpc2,Cyld,Brsk2,Tanc2,Rapgef1,Rap1gap,Nrg1,Cdk10,Ppp1r9a,Abi2,Kalrn,Dleu2",31/778
10_Member,GO Biological Processes,GO:0010976,positive regulation of neuron projection development,-3.476120005,-0.632,"12633,14159,17356,18010,18213,19205,22359,23965,23969,71951,107746,211323,243725,545156","Cflar,Fes,Afdn,Neu1,Ntrk3,Ptbp1,Vldlr,Tenm3,Pacsin1,Gpc2,Rapgef1,Nrg1,Ppp1r9a,Kalrn",14/240
10_Member,GO Biological Processes,GO:0010975,regulation of neuron projection development,-3.231868579,-0.534,"12325,12633,14159,14567,17356,18010,18213,18846,19055,19205,19266,22359,23965,23969,24136,71951,75770,77097,107746,211323,243725,329165,545156,668253","Camk2g,Cflar,Fes,Gdi1,Afdn,Neu1,Ntrk3,Plxna3,Ppp3ca,Ptbp1,Ptprd,Vldlr,Tenm3,Pacsin1,Zeb2,Gpc2,Brsk2,Tanc2,Rapgef1,Nrg1,Ppp1r9a,Abi2,Kalrn,Dleu2",24/578
11_Summary,Reactome Gene Sets,R-MMU-194315,Signaling by Rho GTPases,-3.697802369,-0.718,"13605,16449,17931,18016,19094,21873,26931,56513,66934,67203,70497,105782,106504,107746,108037,211499,214345,218952,223254,223870,226525,234094,243362,329165,545156","Ect2,Jag1,Ppp1r12a,Nf2,Mapk11,Tjp2,Ppp2r5c,Pard6a,Dsn1,Nde1,Arhgap17,Scrib,Stk38,Rapgef1,Shmt2,Tmem87a,Lrrc1,Fermt2,Farp1,Senp1,Rasal2,Arhgef10,Stard13,Abi2,Kalrn",25/-
11_Member,Reactome Gene Sets,R-MMU-194315,Signaling by Rho GTPases,-3.697802369,-0.718,"13605,16449,17931,18016,19094,21873,26931,56513,66934,67203,70497,105782,106504,107746,108037,211499,214345,218952,223254,223870,226525,234094,243362,329165,545156","Ect2,Jag1,Ppp1r12a,Nf2,Mapk11,Tjp2,Ppp2r5c,Pard6a,Dsn1,Nde1,Arhgap17,Scrib,Stk38,Rapgef1,Shmt2,Tmem87a,Lrrc1,Fermt2,Farp1,Senp1,Rasal2,Arhgef10,Stard13,Abi2,Kalrn",25/570
11_Member,Reactome Gene Sets,R-MMU-9716542,"Signaling by Rho GTPases, Miro GTPases and RHOBTB3",-3.528027633,-0.667,"13605,16449,17931,18016,19094,21873,26931,56513,66934,67203,70497,105782,106504,107746,108037,211499,214345,218952,223254,223870,226525,234094,243362,329165,545156","Ect2,Jag1,Ppp1r12a,Nf2,Mapk11,Tjp2,Ppp2r5c,Pard6a,Dsn1,Nde1,Arhgap17,Scrib,Stk38,Rapgef1,Shmt2,Tmem87a,Lrrc1,Fermt2,Farp1,Senp1,Rasal2,Arhgef10,Stard13,Abi2,Kalrn",25/585
11_Member,Reactome Gene Sets,R-MMU-9012999,RHO GTPase cycle,-3.43689639,-0.609,"13605,16449,21873,56513,70497,105782,106504,107746,108037,211499,214345,218952,223254,223870,226525,234094,243362,329165,545156","Ect2,Jag1,Tjp2,Pard6a,Arhgap17,Scrib,Stk38,Rapgef1,Shmt2,Tmem87a,Lrrc1,Fermt2,Farp1,Senp1,Rasal2,Arhgef10,Stard13,Abi2,Kalrn",19/394
11_Member,Reactome Gene Sets,R-MMU-9013149,RAC1 GTPase cycle,-2.270901554,0.000,"13605,16449,56513,70497,218952,223254,234094,329165,545156","Ect2,Jag1,Pard6a,Arhgap17,Fermt2,Farp1,Arhgef10,Abi2,Kalrn",9/163
12_Summary,KEGG Pathway,mmu00310,Lysine degradation - Mus musculus (house mouse),-3.568700173,-0.667,"18193,30956,56752,64707,209692,214162,231051","Nsd1,Aass,Aldh9a1,Suv39h2,Dhtkd1,Kmt2a,Kmt2c",7/-
12_Member,KEGG Pathway,mmu00310,Lysine degradation - Mus musculus (house mouse),-3.568700173,-0.667,"18193,30956,56752,64707,209692,214162,231051","Nsd1,Aass,Aldh9a1,Suv39h2,Dhtkd1,Kmt2a,Kmt2c",7/64
13_Summary,GO Biological Processes,GO:0090308,regulation of DNA methylation-dependent heterochromatin formation,-3.528519949,-0.667,"54343,214162,218850,237339","Atf7ip,Kmt2a,Tasor,L3mbtl3",4/-
13_Member,GO Biological Processes,GO:0090308,regulation of DNA methylation-dependent heterochromatin formation,-3.528519949,-0.667,"54343,214162,218850,237339","Atf7ip,Kmt2a,Tasor,L3mbtl3",4/17
13_Member,GO Biological Processes,GO:0031445,regulation of heterochromatin formation,-2.998792268,-0.363,"54343,214162,218850,237339","Atf7ip,Kmt2a,Tasor,L3mbtl3",4/23
13_Member,GO Biological Processes,GO:1902275,regulation of chromatin organization,-2.220878852,0.000,"54343,214162,218850,237339","Atf7ip,Kmt2a,Tasor,L3mbtl3",4/37
14_Summary,GO Biological Processes,GO:0044089,positive regulation of cellular component biogenesis,-3.382498165,-0.571,"12028,13854,14159,16826,18016,18213,19266,21687,22003,27681,54343,54631,54636,55978,66573,102693,117149,211323,218850,218952,234094,272381,329165,330814,12333,13605,14534,18693,18846,20301,20535,70497,74256,78798,234854,243725,382073,19056,19205,20399,54392,74741,194908,497652","Bax,Epn1,Fes,Ldb2,Nf2,Ntrk3,Ptprd,Tek,Tpm1,Snf8,Atf7ip,Nphs1,Wdr45,Ift20,Dzip1,Phldb1,Tirap,Nrg1,Tasor,Fermt2,Arhgef10,Lrrc4b,Abi2,Adgrl1,Capn1,Ect2,Kat2a,Pick1,Plxna3,Ccl27a,Slc4a2,Arhgap17,Cyld,Eml4,Cdk10,Ppp1r9a,Cenatac,Ppp3cb,Ptbp1,Sh2b1,Ncapg,C2cd5,Pld6,Acd",44/-
14_Member,GO Biological Processes,GO:0044089,positive regulation of cellular component biogenesis,-3.382498165,-0.571,"12028,13854,14159,16826,18016,18213,19266,21687,22003,27681,54343,54631,54636,55978,66573,102693,117149,211323,218850,218952,234094,272381,329165,330814","Bax,Epn1,Fes,Ldb2,Nf2,Ntrk3,Ptprd,Tek,Tpm1,Snf8,Atf7ip,Nphs1,Wdr45,Ift20,Dzip1,Phldb1,Tirap,Nrg1,Tasor,Fermt2,Arhgef10,Lrrc4b,Abi2,Adgrl1",24/564
14_Member,GO Biological Processes,GO:0051493,regulation of cytoskeleton organization,-2.621685891,-0.117,"12333,13605,14159,14534,18016,18693,18846,20301,20535,22003,54631,70497,74256,78798,102693,218952,234094,234854,243725,329165,382073","Capn1,Ect2,Fes,Kat2a,Nf2,Pick1,Plxna3,Ccl27a,Slc4a2,Tpm1,Nphs1,Arhgap17,Cyld,Eml4,Phldb1,Fermt2,Arhgef10,Cdk10,Ppp1r9a,Abi2,Cenatac",21/533
14_Member,GO Biological Processes,GO:0010638,positive regulation of organelle organization,-2.612086411,-0.117,"12028,14159,18016,18846,19056,19205,20399,22003,54343,54392,54631,54636,55978,66573,74741,194908,218850,218952,234094,329165,497652","Bax,Fes,Nf2,Plxna3,Ppp3cb,Ptbp1,Sh2b1,Tpm1,Atf7ip,Ncapg,Nphs1,Wdr45,Ift20,Dzip1,C2cd5,Pld6,Tasor,Fermt2,Arhgef10,Abi2,Acd",21/534
15_Summary,Reactome Gene Sets,R-MMU-388844,Receptor-type tyrosine-protein phosphatases,-3.330359496,-0.557,"18213,19024,19266,272381,13822,13823,23965,211323","Ntrk3,Ppfibp2,Ptprd,Lrrc4b,Epb41l2,Epb41l3,Tenm3,Nrg1",8/-
15_Member,Reactome Gene Sets,R-MMU-388844,Receptor-type tyrosine-protein phosphatases,-3.330359496,-0.557,"18213,19024,19266,272381","Ntrk3,Ppfibp2,Ptprd,Lrrc4b",4/19
15_Member,Reactome Gene Sets,R-MMU-6794362,Protein-protein interactions at synapses,-2.742063484,-0.184,"13822,13823,18213,19024,19266,272381","Epb41l2,Epb41l3,Ntrk3,Ppfibp2,Ptprd,Lrrc4b",6/65
15_Member,GO Biological Processes,GO:0099560,synaptic membrane adhesion,-2.354203673,0.000,"19266,23965,211323,272381","Ptprd,Tenm3,Nrg1,Lrrc4b",4/34
16_Summary,GO Biological Processes,GO:0022604,regulation of cell morphogenesis,-3.32406345,-0.557,"13822,13823,14159,17356,17909,18016,18846,19266,22003,56194,70834,101543,110058,218952,545156","Epb41l2,Epb41l3,Fes,Afdn,Myo10,Nf2,Plxna3,Ptprd,Tpm1,Prpf40a,Spag9,Wtip,Syt17,Fermt2,Kalrn",15/-
16_Member,GO Biological Processes,GO:0022604,regulation of cell morphogenesis,-3.32406345,-0.557,"13822,13823,14159,17356,17909,18016,18846,19266,22003,56194,70834,101543,110058,218952,545156","Epb41l2,Epb41l3,Fes,Afdn,Myo10,Nf2,Plxna3,Ptprd,Tpm1,Prpf40a,Spag9,Wtip,Syt17,Fermt2,Kalrn",15/278
16_Member,GO Biological Processes,GO:0008360,regulation of cell shape,-2.668041821,-0.134,"13822,13823,14159,17909,18016,18846,22003,56194,218952","Epb41l2,Epb41l3,Fes,Myo10,Nf2,Plxna3,Tpm1,Prpf40a,Fermt2",9/142
17_Summary,GO Biological Processes,GO:0045216,cell-cell junction organization,-3.28339727,-0.534,"13605,13823,17356,18016,18810,21873,54631,56513,60595,217335,218952,329165,12388,24136,18190,18213,19266,211323,223254,18693,104418","Ect2,Epb41l3,Afdn,Nf2,Plec,Tjp2,Nphs1,Pard6a,Actn4,Fbf1,Fermt2,Abi2,Ctnnd1,Zeb2,Nrxn2,Ntrk3,Ptprd,Nrg1,Farp1,Pick1,Dgkz",21/-
17_Member,GO Biological Processes,GO:0045216,cell-cell junction organization,-3.28339727,-0.534,"13605,13823,17356,18016,18810,21873,54631,56513,60595,217335,218952,329165","Ect2,Epb41l3,Afdn,Nf2,Plec,Tjp2,Nphs1,Pard6a,Actn4,Fbf1,Fermt2,Abi2",12/194
17_Member,GO Biological Processes,GO:0045217,cell-cell junction maintenance,-2.998792268,-0.363,"13823,17356,56513,218952","Epb41l3,Afdn,Pard6a,Fermt2",4/23
17_Member,Reactome Gene Sets,R-MMU-1500931,Cell-Cell communication,-2.707259426,-0.164,"12388,17356,18810,24136,54631,56513,218952","Ctnnd1,Afdn,Plec,Zeb2,Nphs1,Pard6a,Fermt2",7/89
17_Member,GO Biological Processes,GO:0034329,cell junction assembly,-2.641190631,-0.117,"13605,13823,17356,18190,18213,18810,19266,54631,60595,211323,217335,218952,223254,329165","Ect2,Epb41l3,Afdn,Nrxn2,Ntrk3,Plec,Ptprd,Nphs1,Actn4,Nrg1,Fbf1,Fermt2,Farp1,Abi2",14/293
17_Member,Reactome Gene Sets,R-MMU-446728,Cell junction organization,-2.577307702,-0.089,"12388,17356,18810,24136,56513,218952","Ctnnd1,Afdn,Plec,Zeb2,Pard6a,Fermt2",6/70
17_Member,GO Biological Processes,GO:0043954,cellular component maintenance,-2.398289208,0.000,"13823,17356,18693,56513,104418,218952","Epb41l3,Afdn,Pick1,Pard6a,Dgkz,Fermt2",6/76
17_Member,GO Biological Processes,GO:0034331,cell junction maintenance,-2.23604056,0.000,"13823,17356,56513,104418,218952","Epb41l3,Afdn,Pard6a,Dgkz,Fermt2",5/58
18_Summary,GO Biological Processes,GO:0070886,positive regulation of calcineurin-NFAT signaling cascade,-3.240265795,-0.534,"19055,19056,19205,211323,18037,19094,58988,78798,117149,16408","Ppp3ca,Ppp3cb,Ptbp1,Nrg1,Nfkbie,Mapk11,Rps6kb2,Eml4,Tirap,Itgal",10/-
18_Member,GO Biological Processes,GO:0070886,positive regulation of calcineurin-NFAT signaling cascade,-3.240265795,-0.534,"19055,19056,19205,211323","Ppp3ca,Ppp3cb,Ptbp1,Nrg1",4/20
18_Member,GO Biological Processes,GO:0106058,positive regulation of calcineurin-mediated signaling,-3.240265795,-0.534,"19055,19056,19205,211323","Ppp3ca,Ppp3cb,Ptbp1,Nrg1",4/20
18_Member,KEGG Pathway,mmu05235,PD-L1 expression and PD-1 checkpoint pathway in cancer - Mus musculus (house mouse),-2.735521149,-0.184,"18037,19055,19056,19094,58988,78798,117149","Nfkbie,Ppp3ca,Ppp3cb,Mapk11,Rps6kb2,Eml4,Tirap",7/88
18_Member,GO Biological Processes,GO:0050850,positive regulation of calcium-mediated signaling,-2.204554342,0.000,"16408,19055,19056,19205,211323","Itgal,Ppp3ca,Ppp3cb,Ptbp1,Nrg1",5/59
19_Summary,GO Biological Processes,GO:0099149,regulation of postsynaptic neurotransmitter receptor internalization,-3.166450846,-0.498,"18693,23969,105782,108086,211323,11777,13859,73094","Pick1,Pacsin1,Scrib,Rnf216,Nrg1,Ap3s1,Eps15l1,Sgip1",8/-
19_Member,GO Biological Processes,GO:0099149,regulation of postsynaptic neurotransmitter receptor internalization,-3.166450846,-0.498,"18693,23969,105782,108086,211323","Pick1,Pacsin1,Scrib,Rnf216,Nrg1",5/36
19_Member,GO Biological Processes,GO:0048488,synaptic vesicle endocytosis,-2.028856017,0.000,"11777,13859,23969,73094,105782","Ap3s1,Eps15l1,Pacsin1,Sgip1,Scrib",5/65
20_Summary,GO Biological Processes,GO:0032446,protein modification by small protein conjugation,-2.812332946,-0.226,"22196,50789,53621,59026,66822,67455,67921,67923,68205,73469,76863,93836,94091,94093,105239,108086,215705,224023,224170,226098,268721,319817,74256,108037,223870,30843,50762,68842,72194,213464","Ube2i,Fbxl3,Cnot4,Huwe1,Fbxo25,Klhl13,Ube2f,Eloc,Urm1,Rnf38,Dcun1d5,Rnf111,Trim11,Trim33,Rnf44,Rnf216,Arrdc1,Klhl22,Dzip3,Hectd2,Zswim8,Rc3h2,Cyld,Shmt2,Senp1,Fbxl12,Fbxo6,Tulp4,Fbxl20,Rbbp5",30/-
20_Member,GO Biological Processes,GO:0032446,protein modification by small protein conjugation,-2.812332946,-0.226,"22196,50789,53621,59026,66822,67455,67921,67923,68205,73469,76863,93836,94091,94093,105239,108086,215705,224023,224170,226098,268721,319817","Ube2i,Fbxl3,Cnot4,Huwe1,Fbxo25,Klhl13,Ube2f,Eloc,Urm1,Rnf38,Dcun1d5,Rnf111,Trim11,Trim33,Rnf44,Rnf216,Arrdc1,Klhl22,Dzip3,Hectd2,Zswim8,Rc3h2",22/549
20_Member,GO Biological Processes,GO:0070647,protein modification by small protein conjugation or removal,-2.7477082,-0.184,"22196,50789,53621,59026,66822,67455,67921,67923,68205,73469,74256,76863,93836,94091,94093,105239,108037,108086,215705,223870,224023,224170,226098,268721,319817","Ube2i,Fbxl3,Cnot4,Huwe1,Fbxo25,Klhl13,Ube2f,Eloc,Urm1,Rnf38,Cyld,Dcun1d5,Rnf111,Trim11,Trim33,Rnf44,Shmt2,Rnf216,Arrdc1,Senp1,Klhl22,Dzip3,Hectd2,Zswim8,Rc3h2",25/664
20_Member,Reactome Gene Sets,R-MMU-8951664,Neddylation,-2.361845578,0.000,"30843,50762,50789,67455,67921,67923,68842,72194,76863,213464,224023","Fbxl12,Fbxo6,Fbxl3,Klhl13,Ube2f,Eloc,Tulp4,Fbxl20,Dcun1d5,Rbbp5,Klhl22",11/218
20_Member,Reactome Gene Sets,R-MMU-983168,Antigen processing: Ubiquitination & Proteasome degradation,-2.334322057,0.000,"30843,50762,50789,59026,67455,67921,67923,72194,93836,94091,224023,224170,226098","Fbxl12,Fbxo6,Fbxl3,Huwe1,Klhl13,Ube2f,Eloc,Fbxl20,Rnf111,Trim11,Klhl22,Dzip3,Hectd2",13/284
20_Member,GO Biological Processes,GO:0043687,post-translational protein modification,-2.300531334,0.000,"22196,50789,53621,59026,66822,67455,67921,67923,68205,73469,74256,76863,93836,94091,94093,105239,108037,108086,215705,223870,224023,224170,226098,268721,319817","Ube2i,Fbxl3,Cnot4,Huwe1,Fbxo25,Klhl13,Ube2f,Eloc,Urm1,Rnf38,Cyld,Dcun1d5,Rnf111,Trim11,Trim33,Rnf44,Shmt2,Rnf216,Arrdc1,Senp1,Klhl22,Dzip3,Hectd2,Zswim8,Rc3h2",25/719